{
"keys":["year","mileage","tax","mpg"],
"engine_size":[0 , 0.6, 1 , 1.1, 1.2, 1.3, 1.4, 1.5, 1.6, 1.7, 1.8, 1.9, 2 ,
       2.1, 2.2, 2.3, 2.4, 2.5, 2.7, 2.8, 2.9, 3 , 3.2, 3.5, 3.7, 4 ,
       4.2, 4.3, 4.4, 4.5, 4.7, 5 , 5.2, 5.5, 6 , 6.2, 6.3, 6.6],
"brand":["audi", "bmw", "ford", "hyundi", "merc", "skoda", "toyota",
       "vauxhall", "vw"],
"models":[" 6 Series", " 7 Series", " 8 Series", " A7", " A8", " Agila",
       " Amarok", " Antara", " Arteon", " Avensis", " Beetle", " CC",
       " CLA Class", " CLK", " CLS Class", " Caddy", " Caddy Life",
       " Caddy Maxi Life", " California", " Camry", " Caravelle",
       " Combo Life", " Edge", " Eos", " Fusion", " G Class", " GL Class",
       " GLB Class", " GLS Class", " GT86", " GTC", " Galaxy", " Getz",
       " Grand C-MAX", " Grand Tourneo Connect", " Hilux", " I40",
       " I800", " IQ", " IX20", " IX35", " Jetta", " KA", " Kamiq",
       " Land Cruiser", " M Class", " M2", " M3", " M4", " M5", " M6",
       " Mustang", " PROACE VERSO", " Prius", " Puma", " Q8", " R8",
       " RS3", " RS4", " RS5", " RS6", " Rapid", " Roomster", " S Class",
       " S3", " S4", " SLK", " SQ5", " SQ7", " Santa Fe", " Scala",
       " Scirocco", " Shuttle", " Supra", " Tiguan Allspace",
       " Tourneo Connect", " Tourneo Custom", " V Class", " Verso",
       " Vivaro", " X-CLASS", " X4", " X6", " X7", " Yeti", " Z3", " Z4",
       " Zafira Tourer", " i3", " i8"],
"transmission":["Automatic", "Manual", "Other", "Semi-Auto"],
"fuelType":["Diesel", "Electric", "Hybrid", "Other", "Petrol"]
}